,points,30,70
0,10,0.0,0.0
1,11,0.0,0.0
2,12,0.0,0.0
3,13,0.0009999275207519531,0.0
4,14,0.0,0.0
5,15,0.0,0.0
6,16,0.0,0.0
7,17,0.0,0.0
8,18,0.0,0.000997304916381836
9,19,0.0,0.0009970664978027344
10,20,0.0,0.0
