,points,30,70
0,9,9,0.0
1,13,13,0.0003267923990885417
2,17,17,0.0004854281743367513
3,21,21,0.009793782234191894
4,25,25,0.002247031529744466
5,29,29,0.0005984703699747721
6,33,33,0.0026173909505208333
7,37,37,0.00028804143269856773
8,41,41,0.09422870477040608
9,45,45,0.030867767333984376
10,49,49,0.11335076491038004
11,53,53,0.001145792007446289
12,57,57,0.007579946517944336
13,61,61,0.008823521931966146
14,65,65,0.035964218775431316
