,points,time
0,500,0.6335897859999386
1,700,0.8570899300003657
2,900,1.1141719339998963
3,1100,1.3570277620000706
4,1300,1.5919277740000688
5,1500,1.8438547860004473
6,1700,2.095766754000215
7,1900,2.346577072000218
8,2100,2.5806086219999997
9,2300,2.8264374759998465
10,2500,3.07738638800045
11,2700,3.316368945999857
12,2900,3.5675311580003473
13,3100,3.80615079199968
14,3300,4.050656845999765
