,points,time
0,500,0.7365694639997673
1,700,0.9989962939999532
2,900,1.2970029419996718
3,1100,1.5961296899997979
4,1300,1.891037776000303
5,1500,2.2223005639998883
6,1700,2.616942702000233
7,1900,2.898076722000842
8,2100,3.161803717999865
9,2300,3.449305333999946
10,2500,3.883701470000233
11,2700,4.091151928000182
12,2900,4.378291607999854
13,3100,4.695358552000107
14,3300,4.9968069800002555
